,CPU 1 YBLPVDAKDLWAPP1,cpu,disk,netpacket,RAM
0,2019-01-05 07:00:04,4.180522258463153,20.152671755725187,844.0,16.36894047299147
